Workbook

Sheet Как заполнять
A1: Как заполнять таблицу контактов
A3: 1. Строка — до звонка. Сначала площадка, ссылка на объявление и дата: без них не звонить. Это условие закона
A4: о персональных данных (ст.7 п.5), и по п.3-1 доказывать законность придётся нам (docs/sales/legal.md).
A5: Телефон есть, а источника нет — эти клетки красные.
A6: 2. Только объявления репетиторов и только вручную: без выгрузок, парсеров и рассылок.
A7: 3. Kaspi Объявления и Market.kz — не берём: их правила запрещают использовать номера пользователей кроме как для сделки.
A8: 4. «Не звоните» → «да» в колонке «Не звонить» (строка станет серой) — больше ни звонка, ни сообщения.
A9: «Удалите мои данные» → удалить строку целиком.
A10: 5. Оранжевый телефон — такой номер уже есть: у репетиторов бывает несколько объявлений. Второй раз не звонить.
A11: 6. Жёлтая дата в «Когда» — пора сделать следующий шаг.
A12: 7. Даты этапов (Дозвон, Пробный, Онбординг, Оплата) ставятся один раз — по ним считается лист «Воронка».
A13: 8. Таблицу никому не передаём и ни для чего, кроме этих звонков, не используем.
... A19: Скрипт, сообщения, возражения и чек-лист созвона — в репозитории, папка docs/sales/.

Sheet Контакты
A1: Имя | B1: Телефон | C1: Площадка * | D1: Ссылка на объявление * | E1: Дата, когда взят * | F1: Город | G1: Язык | H1: Цена урока, ₸ | I1: Как просит связываться | J1: Попыток звонка | K1: Последний звонок | L1: Результат | M1: Как ведёт сейчас | N1: Возражение | O1: Следующий шаг | P1: Когда | Q1: Дозвон | R1: Пробный | S1: Онбординг | T1: Оплата | U1: Тариф | V1: Не звонить | W1: Заметки

Sheet Воронка
A1: Воронка звонков — для субботней сверки (PLAN.md Ф2.14)
A3: Неделя с (понедельник) | B3: =TODAY()-WEEKDAY(TODAY(),3) | C3: ← сама ставит текущую неделю; для прошлой впишите дату её понедельника
A5: Этап | B5: За неделю | C5: Всего | D5: Доля от прошлого этапа (всего)
A6: Контакты взяты | B6: =COUNTIFS('Контакты'!$E$2:$E$2000,">="&$B$3,'Контакты'!$E$2:$E$2000,"<"&($B$3+7)) | C6: =COUNT('Контакты'!$E$2:$E$2000)
A7: Дозвоны | B7: =COUNTIFS('Контакты'!$Q$2:$Q$2000,">="&$B$3,'Контакты'!$Q$2:$Q$2000,"<"&($B$3+7)) | C7: =COUNT('Контакты'!$Q$2:$Q$2000) | D7: =IFERROR(C7/C6,"")
A8: Пробные (зарегистрировались) | B8: =COUNTIFS('Контакты'!$R$2:$R$2000,">="&$B$3,'Контакты'!$R$2:$R$2000,"<"&($B$3+7)) | C8: =COUNT('Контакты'!$R$2:$R$2000) | D8: =IFERROR(C8/C7,"")
A9: Онбординги | B9: =COUNTIFS('Контакты'!$S$2:$S$2000,">="&$B$3,'Контакты'!$S$2:$S$2000,"<"&($B$3+7)) | C9: =COUNT('Контакты'!$S$2:$S$2000) | D9: =IFERROR(C9/C8,"")
A10: Оплаты | B10: =COUNTIFS('Контакты'!$T$2:$T$2000,">="&$B$3,'Контакты'!$T$2:$T$2000,"<"&($B$3+7)) | C10: =COUNT('Контакты'!$T$2:$T$2000) | D10: =IFERROR(C10/C9,"")
A12: Отказы | C12: =COUNTIF('Контакты'!$L$2:$L$2000,"Отказ")
A13: «Не звонить» | C13: =COUNTIF('Контакты'!$V$2:$V$2000,"да")
A15: Главная цифра — платящих всего | C15: =C10
A17: Как ведут сейчас (проверка «боль = рутина», PLAN.md Б9)
A18: Тетрадь | C18: =COUNTIF('Контакты'!$M$2:$M$2000,"Тетрадь")
A19: В голове | C19: =COUNTIF('Контакты'!$M$2:$M$2000,"В голове")
A20: Заметки в телефоне | C20: =COUNTIF('Контакты'!$M$2:$M$2000,"Заметки в телефоне")
A21: Excel или Google | C21: =COUNTIF('Контакты'!$M$2:$M$2000,"Excel или Google")
A22: Приложение | C22: =COUNTIF('Контакты'!$M$2:$M$2000,"Приложение")
A23: Через центр | C23: =COUNTIF('Контакты'!$M$2:$M$2000,"Через центр")
A24: Другое (вписано своё) | C24: =COUNTA('Контакты'!$M$2:$M$2000)-SUM(C18:C23)
